hostname,country,internal
www.theatremogador.com,Frnace,TRUE
www.stage-entertainment.fr,Frnace,TRUE
www.eventim.fr,Frnace,FALSE
www.ticketonline.de,Germany,FALSE
staging.eventim.de,Germany,FALSE
staging.ticketonline.de,Germany,FALSE
master.eventim.de,Germany,FALSE
web01.prod.stage-ent.corpex-kunden.de,other,FALSE
www.stage-entertainment.de,Germany,TRUE
www2.stage-entertainment.de,Germany,TRUE
stage-entertainment.de,Germany,TRUE
www.eventim.de,Germany,FALSE
acceptance.stage-entertainment.nl,Netherlands,TRUE
www2.stage-entertainment.nl,Netherlands,TRUE
shop.stage-entertainment.nl,Netherlands,TRUE
www.eventim.nl,Netherlands,FALSE
www.stage-entertainment.nl,Netherlands,TRUE
tienda.tinaelmusical.es,Spain,TRUE
www.anastasia-elmusical.es,Spain,TRUE
promociones.stage.es,Spain,TRUE
www2.anastasiamusical.es,Spain,TRUE
lottery.anastasiamusical.es,Spain,TRUE
tienda.anastasiamusical.es,Spain,TRUE
stage.es,Spain,TRUE
www.anastasiamusical.es,Spain,TRUE
www.stage.es,Spain,TRUE
tienda.elreyleon.es,Spain,TRUE
www2.stage.es,Spain,TRUE
afascircustheater.com,Netherlands,TRUE
sedestg.prod.acquia-sites.com,other,FALSE
cc.bingj.com,other,FALSE
www-stage--entertainment-de.translate.goog,Germany,TRUE
www-theatremogador-com.translate.goog,Frnace,TRUE
ourigs.com,other,FALSE
sefrdev.prod.acquia-sites.com,other,FALSE
seplatform.lndo.site,other,FALSE
www2-stage--entertainment-de.translate.goog,Germany,TRUE
datastudio.google.com,other,FALSE
sededev.prod.acquia-sites.com,other,FALSE
translated.turbopages.org,other,FALSE
my2.siteimprove.com,other,FALSE
sede.prod.acquia-sites.com,other,FALSE
www.entradas.com,other,FALSE
sees.prod.acquia-sites.com,other,FALSE
wave.webaim.org,other,FALSE
www.anastasia-elmusical.com,other,FALSE
webcache.googleusercontent.com,other,FALSE
sefrstg.prod.acquia-sites.com,other,FALSE
anastasia-elmusical.com,other,FALSE
www.ghostlemusical.com,other,FALSE
stage.ddev.site,other,FALSE
readmodel.m.sogou.com,other,FALSE
sefr.prod.acquia-sites.com,other,FALSE
staging.entradas.com,other,FALSE
