dim_price_category_id,price_category_id,price_category_name,sort_code,price_category_group,dim_production_location_id
1,RU - CIN - ROS - 1 - VIP,VIP,1,HIGH,126
2,RU - TDV - MDM - 1 - PREMIUM,PREMIUM,1,HIGH,127
3,RU - TDV - MDM - 1 - PK2,PK2,2,HIGH,127
4,ES - ERL - LDV - 1 - VIP,VIP,1,HIGH,155
5,ES - ERL - LDV - 1 - PK2,PK2,2,HIGH,155
6,ES - _N/A,_N/A,-1,_N/A,109
7,RU - _N/A,_N/A,-1,_N/A,110
8,FR - _N/A,_N/A,-1,_N/A,111
9,NL - _N/A,_N/A,-1,_N/A,112
10,DE - _N/A,_N/A,-1,_N/A,113
11,ES - _UNK,_Unknown,-1,_Unknown,114
12,RU - _UNK,_Unknown,-1,_Unknown,115
13,FR - _UNK,_Unknown,-1,_Unknown,116
14,NL - _UNK,_Unknown,-1,_Unknown,117
15,DE - _UNK,_Unknown,-1,_Unknown,118
16,DE - BMG - BMX - 1 - PONCHO (MITTE),PONCHO (MITTE),1,HIGH,63
17,DE - BMG - BMX - 1 - PONCHO (SEITE),PONCHO (SEITE),2,HIGH,63
18,DE - BMG - BMX - 1 - PK1,PK1,3,HIGH,63
19,DE - BMG - BMX - 1 - PK2,PK2,4,MEDIUM,63
20,DE - BMG - BMX - 1 - PK3,PK3,5,LOW,63
21,DE - GVN - TDW - 1 - PK1,PK1,2,HIGH,88
22,DE - GVN - TDW - 1 - PK2,PK2,3,MEDIUM,88
23,DE - GVN - TDW - 1 - PK3,PK3,4,MEDIUM,88
24,DE - GVN - TDW - 1 - PK4,PK4,5,LOW,88
25,DE - GVN - TDW - 1 - PK5,PK5,6,LOW,88
26,DE - GVN - TDW - 1 - PREMIUM,PREMIUM,1,HIGH,88
27,DE - ALA - TNF - 1 - PREMIUM,PREMIUM,1,HIGH,87
28,DE - ALA - TNF - 1 - PK1,PK1,2,HIGH,87
29,DE - ALA - TNF - 1 - PK2,PK2,3,MEDIUM,87
30,DE - ALA - TNF - 1 - PK3,PK3,4,MEDIUM,87
31,DE - ALA - TNF - 1 - PK4,PK4,5,LOW,87
32,DE - ALA - TNF - 1 - PK5,PK5,6,LOW,87
33,DE - KDL - THH - 1 - PREMIUM,PREMIUM,1,HIGH,60
34,DE - KDL - THH - 1 - PK1,PK1,2,HIGH,60
35,DE - KDL - THH - 1 - PK2,PK2,3,MEDIUM,60
36,DE - KDL - THH - 1 - PK3,PK3,4,MEDIUM,60
37,DE - KDL - THH - 1 - PK4,PK4,5,LOW,60
38,DE - MP - APO - 1 - PREMIUM,PREMIUM,1,HIGH,77
39,DE - MP - APO - 1 - PK1,PK1,2,HIGH,77
40,DE - MP - APO - 1 - PK2,PK2,3,MEDIUM,77
41,DE - MP - APO - 1 - PK3,PK3,4,MEDIUM,77
42,DE - MP - APO - 1 - PK4,PK4,5,LOW,77
43,DE - TAR - MET - 1 - PREMIUM,PREMIUM,1,HIGH,86
44,DE - TAR - MET - 1 - PK1,PK1,2,HIGH,86
45,DE - TAR - MET - 1 - PK2,PK2,3,MEDIUM,86
46,DE - TAR - MET - 1 - PK3,PK3,4,MEDIUM,86
47,DE - TAR - MET - 1 - PK4,PK4,5,LOW,86
48,DE - TAR - MET - 1 - PK5,PK5,6,LOW,86
49,DE - TDV - PAL - 2 - PREMIUM,PREMIUM,1,HIGH,74
50,DE - TDV - PAL - 2 - PK1,PK1,2,HIGH,74
51,DE - TDV - PAL - 2 - PK2,PK2,3,MEDIUM,74
52,DE - TDV - PAL - 2 - PK3,PK3,4,MEDIUM,74
53,DE - TDV - PAL - 2 - PK4,PK4,5,LOW,74
54,DE - CHI - PAL - 1 - PREMIUM,PREMIUM,1,HIGH,94
55,DE - CHI - PAL - 1 - PK1,PK1,2,HIGH,94
56,DE - CHI - PAL - 1 - PK2,PK2,3,MEDIUM,94
57,DE - CHI - PAL - 1 - PK3,PK3,4,MEDIUM,94
58,DE - CHI - PAL - 1 - PK4,PK4,5,LOW,94
59,DE - CHI - TDW - 1 - PREMIUM,PREMIUM,1,HIGH,95
60,DE - CHI - TDW - 1 - PK1,PK1,2,HIGH,95
61,DE - CHI - TDW - 1 - PK2,PK2,3,MEDIUM,95
62,DE - CHI - TDW - 1 - PK3,PK3,4,MEDIUM,95
63,DE - CHI - TDW - 1 - PK4,PK4,5,LOW,95
64,DE - CHI - TDW - 1 - PK5,PK5,6,LOW,95
65,DE - LSN - OPH - 1 - PREMIUM,PREMIUM,1,HIGH,96
66,DE - LSN - OPH - 1 - PK1,PK1,2,HIGH,96
67,DE - LSN - OPH - 1 - PK2,PK2,3,MEDIUM,96
68,DE - LSN - OPH - 1 - PK3,PK3,4,MEDIUM,96
69,DE - LSN - OPH - 1 - PK4,PK4,5,LOW,96
70,DE - PDO - TNF - 1 - PREMIUM,PREMIUM,1,HIGH,92
71,DE - PDO - TNF - 1 - PK1,PK1,2,HIGH,92
72,DE - PDO - TNF - 1 - PK2,PK2,3,MEDIUM,92
73,DE - PDO - TNF - 1 - PK3,PK3,4,MEDIUM,92
74,DE - PDO - TNF - 1 - PK4,PK4,5,LOW,92
75,DE - PDO - TNF - 1 - PK5,PK5,6,LOW,92
76,DE - UDO - OPH - 1 - PREMIUM,PREMIUM,1,HIGH,76
77,DE - UDO - OPH - 1 - PK1,PK1,2,HIGH,76
78,DE - UDO - OPH - 1 - PK2,PK2,3,MEDIUM,76
79,DE - UDO - OPH - 1 - PK3,PK3,4,MEDIUM,76
80,DE - UDO - OPH - 1 - PK4,PK4,5,LOW,76
81,DE - ROC - OPH - 1 - GOLDEN CIRCEL,GOLDEN CIRCEL,1,HIGH,61
82,DE - ROC - OPH - 1 - PREMIUM,PREMIUM,2,HIGH,61
83,DE - ROC - OPH - 1 - PK1,PK1,3,HIGH,61
84,DE - ROC - OPH - 1 - PK2,PK2,4,MEDIUM,61
85,DE - ROC - OPH - 1 - PK3,PK3,5,MEDIUM,61
86,DE - ROC - OPH - 1 - PK4,PK4,6,LOW,61
87,DE - WVB - TAE - 1 - PREMIUM,PREMIUM,1,HIGH,89
88,DE - WVB - TAE - 1 - PK1,PK1,2,HIGH,89
89,DE - WVB - TAE - 1 - PK2,PK2,3,MEDIUM,89
90,DE - WVB - TAE - 1 - PK3,PK3,4,MEDIUM,89
91,DE - WVB - TAE - 1 - PK4,PK4,5,LOW,89
92,DE - UDO - TPP - 1 - PREMIUM,PREMIUM,1,HIGH,75
93,DE - UDO - TPP - 1 - PK1,PK1,2,HIGH,75
94,DE - UDO - TPP - 1 - PK2,PK2,3,MEDIUM,75
95,DE - UDO - TPP - 1 - PK3,PK3,4,MEDIUM,75
96,DE - UDO - TPP - 1 - PK4,PK4,5,LOW,75
97,DE - UDO - TPP - 1 - PK5,PK5,6,LOW,75
98,DE - SIA - TDW - 1 - PREMIUM,PREMIUM,1,HIGH,107
99,DE - SIA - TDW - 1 - PK1,PK1,2,HIGH,107
100,DE - SIA - TDW - 1 - PK2,PK2,3,MEDIUM,107
101,DE - SIA - TDW - 1 - PK3,PK3,4,MEDIUM,107
102,DE - SIA - TDW - 1 - PK4,PK4,5,LOW,107
103,DE - SIA - TDW - 1 - PK5,PK5,6,LOW,107
104,DE - TDV - TDW - 3 - PREMIUM,PREMIUM,1,HIGH,73
105,DE - TDV - TDW - 3 - PK1,PK1,2,HIGH,73
106,DE - TDV - TDW - 3 - PK2,PK2,3,MEDIUM,73
107,DE - TDV - TDW - 3 - PK3,PK3,4,MEDIUM,73
108,DE - TDV - TDW - 3 - PK4,PK4,5,LOW,73
109,DE - TDV - TDW - 3 - PK5,PK5,6,LOW,73
110,DE - NY - TDW - 1 - PREMIUM,PREMIUM,1,HIGH,81
111,DE - NY - TDW - 1 - PK1,PK1,2,HIGH,81
112,DE - NY - TDW - 1 - PK2,PK2,3,MEDIUM,81
113,DE - NY - TDW - 1 - PK3,PK3,4,MEDIUM,81
114,DE - NY - TDW - 1 - PK4,PK4,5,LOW,81
115,DE - NY - TDW - 1 - PK5,PK5,6,LOW,81
116,DE - NY - TDW - 2 - PREMIUM,PREMIUM,1,HIGH,82
117,DE - NY - TDW - 2 - PK1,PK1,2,HIGH,82
118,DE - NY - TDW - 2 - PK2,PK2,3,MEDIUM,82
119,DE - NY - TDW - 2 - PK3,PK3,4,MEDIUM,82
120,DE - NY - TDW - 2 - PK4,PK4,5,LOW,82
121,DE - NY - TDW - 2 - PK5,PK5,6,LOW,82
122,DE - TAR - APO - 1 - PREMIUM,PREMIUM,1,HIGH,85
123,DE - TAR - APO - 1 - PK1,PK1,2,HIGH,85
124,DE - TAR - APO - 1 - PK2,PK2,3,MEDIUM,85
125,DE - TAR - APO - 1 - PK3,PK3,4,MEDIUM,85
126,DE - TAR - APO - 1 - PK4,PK4,5,LOW,85
127,DE - ROC - PAL - 1 - GOLDEN CIRCEL,GOLDEN CIRCEL,1,HIGH,62
128,DE - ROC - PAL - 1 - PREMIUM,PREMIUM,2,HIGH,62
129,DE - ROC - PAL - 1 - PK1,PK1,3,HIGH,62
130,DE - ROC - PAL - 1 - PK2,PK2,4,MEDIUM,62
131,DE - ROC - PAL - 1 - PK3,PK3,5,MEDIUM,62
132,DE - ROC - PAL - 1 - PK4,PK4,6,LOW,62
133,DE - PDO - MET - 1 - PREMIUM,PREMIUM,1,HIGH,93
134,DE - PDO - MET - 1 - PK1,PK1,2,HIGH,93
135,DE - PDO - MET - 1 - PK2,PK2,3,MEDIUM,93
136,DE - PDO - MET - 1 - PK3,PK3,4,MEDIUM,93
137,DE - PDO - MET - 1 - PK4,PK4,5,LOW,93
138,DE - MM - MET - 1 - PREMIUM,PREMIUM,1,HIGH,103
139,DE - MM - MET - 1 - PK1,PK1,2,HIGH,103
140,DE - MM - MET - 1 - PK2,PK2,3,MEDIUM,103
141,DE - MM - MET - 1 - PK3,PK3,4,MEDIUM,103
142,DE - MM - MET - 1 - PK4,PK4,5,LOW,103
143,DE - MM - PAL - 2 - PREMIUM,PREMIUM,1,HIGH,101
144,DE - MM - PAL - 2 - PK1,PK1,2,HIGH,101
145,DE - MM - PAL - 2 - PK2,PK2,3,MEDIUM,101
146,DE - MM - PAL - 2 - PK3,PK3,4,MEDIUM,101
147,DE - MM - PAL - 2 - PK4,PK4,5,LOW,101
148,DE - MM - TDW - 1 - PREMIUM,PREMIUM,1,HIGH,102
149,DE - MM - TDW - 1 - PK1,PK1,2,HIGH,102
150,DE - MM - TDW - 1 - PK2,PK2,3,MEDIUM,102
151,DE - MM - TDW - 1 - PK3,PK3,4,MEDIUM,102
152,DE - MM - TDW - 1 - PK4,PK4,5,LOW,102
153,DE - MM - TDW - 1 - PK5,PK5,6,LOW,102
154,DE - NY - TAE - 1 - PREMIUM,PREMIUM,1,HIGH,83
155,DE - NY - TAE - 1 - PK1,PK1,2,HIGH,83
156,DE - NY - TAE - 1 - PK2,PK2,3,MEDIUM,83
157,DE - NY - TAE - 1 - PK3,PK3,4,MEDIUM,83
158,DE - NY - TAE - 1 - PK4,PK4,5,LOW,83
159,DE - SIA - MET - 1 - PREMIUM,PREMIUM,1,HIGH,106
160,DE - SIA - MET - 1 - PK1,PK1,2,HIGH,106
161,DE - SIA - MET - 1 - PK2,PK2,3,MEDIUM,106
162,DE - SIA - MET - 1 - PK3,PK3,4,MEDIUM,106
163,DE - SIA - MET - 1 - PK4,PK4,5,LOW,106
164,DE - TDV - TDW - 2 - PK1,PK1,1,HIGH,72
165,DE - TDV - TDW - 2 - PK2,PK2,2,MEDIUM,72
166,DE - TDV - TDW - 2 - PK3,PK3,3,MEDIUM,72
167,DE - TDV - TDW - 2 - PK4,PK4,4,LOW,72
168,DE - TDV - TDW - 2 - PK5,PK5,5,LOW,72
169,DE - GEF - TDW - 1 - PREMIUM,PREMIUM,1,HIGH,157
170,DE - GEF - TDW - 1 - PK1,PK1,2,HIGH,157
171,DE - GEF - TDW - 1 - PK2,PK2,3,MEDIUM,157
172,DE - GEF - TDW - 1 - PK3,PK3,4,MEDIUM,157
173,DE - GEF - TDW - 1 - PK4,PK4,5,LOW,157
174,DE - GEF - TDW - 1 - PK5,PK5,6,LOW,157
175,NL - TLK - ACT - 1 - 2,PC1,2,HIGH,132
176,NL - TLK - ACT - 1 - 3,PC2,3,MEDIUM,132
177,NL - TLK - ACT - 1 - 4,PC3,4,MEDIUM,132
178,NL - TLK - ACT - 1 - 5,PC4,5,LOW,132
179,NL - TLK - ACT - 1 - 6,PC5,6,LOW,132
180,NL - TLK - ACT - 1 - 1,PREMIUM,1,HIGH,132
181,NL - TBG - BTU - 1 - 3,PC1,3,HIGH,133
182,NL - TBG - BTU - 1 - 1,PLATINUM,1,HIGH,133
183,NL - BE - ACT - 1 - 1,PLATINUM,1,HIGH,135
184,NL - BTB - ACT - 1 - 1,PLATINUM,1,HIGH,134
185,NL - CDR - DLMWS - 1 - 1,GOLDEN,1,HIGH,785
186,NL - DG - DLMWS - 1 - 1,GOLDEN,1,HIGH,787
187,NL - HAIR - DLMWS - 1 - 1,GOLDEN,1,HIGH,784
188,NL - MOE - BTU - 1 - 1,PLATINUM,1,HIGH,136
189,NL - TWEE - DLMWS - 1 - 1,GOLDEN,1,HIGH,791
190,NL - TBG - BTU - 1 - 2,GOLDEN,2,HIGH,133
191,NL - BE - ACT - 1 - 2,GOLDEN,2,HIGH,135
192,NL - BTB - ACT - 1 - 2,GOLDEN,2,HIGH,134
193,NL - CDR - DLMWS - 1 - 2,PC1,2,HIGH,785
194,NL - DG - DLMWS - 1 - 2,PC1,2,HIGH,787
195,NL - HAIR - DLMWS - 1 - 2,PC1,2,HIGH,784
196,NL - MOE - BTU - 1 - 2,GOLDEN,2,HIGH,136
197,NL - TWEE - DLMWS - 1 - 2,PC1,2,HIGH,791
198,NL - TBG - BTU - 1 - 4,PC2,4,MEDIUM,133
199,NL - BE - ACT - 1 - 3,PC1,3,HIGH,135
200,NL - BTB - ACT - 1 - 3,PC1,3,HIGH,134
201,NL - CDR - DLMWS - 1 - 3,PC2,3,MEDIUM,785
202,NL - DG - DLMWS - 1 - 3,PC2,3,MEDIUM,787
203,NL - HAIR - DLMWS - 1 - 3,PC2,3,MEDIUM,784
204,NL - MOE - BTU - 1 - 3,PC1,3,HIGH,136
205,NL - TWEE - DLMWS - 1 - 3,PC2,3,MEDIUM,791
206,NL - TBG - BTU - 1 - 5,PC3,5,MEDIUM,133
207,NL - BE - ACT - 1 - 4,PC2,4,MEDIUM,135
208,NL - BTB - ACT - 1 - 4,PC2,4,MEDIUM,134
209,NL - CDR - DLMWS - 1 - 4,PC3,4,MEDIUM,785
210,NL - DG - DLMWS - 1 - 4,PC3,4,MEDIUM,787
211,NL - HAIR - DLMWS - 1 - 4,PC3,4,MEDIUM,784
212,NL - MOE - BTU - 1 - 4,PC2,4,MEDIUM,136
213,NL - TWEE - DLMWS - 1 - 4,PC3,4,MEDIUM,791
214,NL - BE - ACT - 1 - 5,PC3,5,MEDIUM,135
215,NL - BE - ACT - 1 - 6,PC4,6,LOW,135
216,NL - BE - ACT - 1 - 7,PC5,7,LOW,135
217,NL - BTB - ACT - 1 - 5,PC3,5,MEDIUM,134
218,NL - BTB - ACT - 1 - 6,PC4,6,LOW,134
219,NL - BTB - ACT - 1 - 7,PC5,7,LOW,134
220,NL - TBG - BTU - 1 - 6,PC4,6,LOW,133
221,NL - TBG - BTU - 1 - 7,PC5,7,LOW,133
222,NL - CDR - DLMWS - 1 - 5,PC4,5,LOW,785
223,NL - DG - DLMWS - 1 - 5,PC4,5,LOW,787
224,NL - HAIR - DLMWS - 1 - 5,PC4,5,LOW,784
225,NL - MOE - BTU - 1 - 5,PC3,5,MEDIUM,136
226,NL - MOE - BTU - 1 - 6,PC4,6,LOW,136
227,NL - MOE - BTU - 1 - 7,PC5,7,LOW,136
228,NL - TWEE - DLMWS - 1 - 5,PC4,5,LOW,791
229,NL - OYF - BTU - 1 - 1,PREMIUM,1,HIGH,380
230,NL - OYF - BTU - 1 - 2,PC1,2,HIGH,380
231,NL - OYF - BTU - 1 - 3,PC2,3,MEDIUM,380
232,NL - OYF - BTU - 1 - 4,PC3,4,MEDIUM,380
233,NL - OYF - BTU - 1 - 5,PC4,5,LOW,380
234,NL - OYF - BTU - 1 - 6,PC5,6,LOW,380
235,NL - ELIIC - LOO - 1 - 1,PREMIUM,1,HIGH,381
236,NL - ELIIC - LOO - 1 - 2,PC1,2,HIGH,381
237,NL - ELIIC - LOO - 1 - 3,PC2,3,MEDIUM,381
238,NL - ELIIC - LOO - 1 - 4,PC3,4,LOW,381
239,NL - BE - ACT - 1 - 8,DUMMY,8,DUMMY,135
240,NL - BTB - ACT - 1 - 8,DUMMY,8,DUMMY,134
241,NL - DG - DLMWS - 1 - 6,DUMMY,6,DUMMY,787
242,NL - TBG - BTU - 1 - 8,DUMMY,8,DUMMY,133
243,NL - TLK - ACT - 1 - 7,DUMMY,7,DUMMY,132
244,NL - CDR - DLMWS - 1 - 6,DUMMY,6,DUMMY,785
245,NL - TWEE - DLMWS - 1 - 6,DUMMY,6,DUMMY,791
246,NL - TWEE - CHASSE - 1 - 6,DUMMY,6,DUMMY,791
247,NL - TWEE - PARKE - 1 - 2,PC1,2,HIGH,312
248,NL - TWEE - PARKE - 1 - 3,PC2,3,LOW,312
249,NL - TWEE - PARKE - 1 - 6,DUMMY,6,DUMMY,312
250,NL - TWEE - ZUID - 1 - 2,PC1,2,HIGH,376
251,NL - TWEE - ZUID - 1 - 3,PC2,3,MEDIUM,376
252,NL - TWEE - ZUID - 1 - 4,PC3,4,LOW,376
253,NL - TWEE - ZUID - 1 - 6,DUMMY,6,DUMMY,376
254,NL - TWEE - WIL - 1 - 2,PC1,2,HIGH,365
255,NL - TWEE - WIL - 1 - 3,PC2,3,MEDIUM,365
256,NL - TWEE - WIL - 1 - 4,PC3,4,LOW,365
257,NL - TWEE - WIL - 1 - 6,DUMMY,6,DUMMY,365
258,NL - TWEE - PARKH - 1 - 2,PC1,2,HIGH,320
259,NL - TWEE - CHASSE - 1 - 4,PC3,4,LOW,224
260,NL - TWEE - CHASSE - 1 - 2,PC1,2,HIGH,224
261,NL - TWEE - CHASSE - 1 - 3,PC2,3,MEDIUM,224
262,NL - TWEE - NLUX - 1 - 1,GOLDEN,1,HIGH,291
263,NL - TWEE - NLUX - 1 - 2,PC1,2,HIGH,291
264,NL - TWEE - NLUX - 1 - 3,PC2,3,MEDIUM,291
265,NL - TWEE - NLUX - 1 - 4,PC3,4,LOW,291
266,NL - TWEE - NLUX - 1 - 6,DUMMY,6,DUMMY,291
267,NL - TWEE - ORP - 1 - 2,PC1,2,HIGH,300
268,NL - TWEE - ORP - 1 - 3,PC2,3,MEDIUM,300
269,NL - TWEE - ORP - 1 - 4,PC3,4,MEDIUM,300
270,NL - TWEE - ORP - 1 - 6,DUMMY,6,DUMMY,300
271,NL - TWEE - ORP - 1 - 5,PC4,5,LOW,300
272,NL - TWEE - HEER - 1 - 2,PC1,2,HIGH,249
273,NL - TWEE - HEER - 1 - 5,PC4,5,LOW,249
274,NL - TWEE - HEER - 1 - 4,PC3,4,MEDIUM,249
275,NL - TWEE - HEER - 1 - 6,DUMMY,6,DUMMY,249
276,NL - TWEE - MART - 1 - 1,GOLDEN,1,HIGH,274
277,NL - TWEE - MART - 1 - 2,PC1,2,HIGH,274
278,NL - TWEE - MART - 1 - 3,PC2,3,MEDIUM,274
279,NL - TWEE - MART - 1 - 4,PC3,4,LOW,274
280,NL - TWEE - MART - 1 - 6,DUMMY,6,DUMMY,274
281,NL - TWEE - SPIE - 1 - 1,GOLDEN,1,HIGH,333
282,NL - TWEE - SPIE - 1 - 2,PC1,2,HIGH,333
283,NL - TWEE - SPIE - 1 - 3,PC2,3,MEDIUM,333
284,NL - TWEE - SPIE - 1 - 4,PC3,4,LOW,333
285,NL - TWEE - SPIE - 1 - 6,DUMMY,6,DUMMY,333
286,NL - MICOT - CHASSE - 1 - 2,PC1,2,HIGH,226
287,NL - MICOT - CHASSE - 1 - 3,PC2,3,MEDIUM,226
288,NL - MICOT - CHASSE - 1 - 4,PC3,4,LOW,226
289,NL - MICOT - CHASSE - 1 - 1,GOLDEN,1,HIGH,226
290,NL - MICOT - CARRE - 1 - 1,GOLDEN,1,HIGH,217
291,NL - MICOT - CARRE - 1 - 2,PC1,2,HIGH,217
292,NL - MICOT - CARRE - 1 - 3,PC2,3,MEDIUM,217
293,NL - MICOT - CARRE - 1 - 4,PC3,4,MEDIUM,217
294,NL - MICOT - CARRE - 1 - 5,PC4,5,LOW,217
295,NL - MICOT - MART - 1 - 1,GOLDEN,1,HIGH,275
296,NL - MICOT - MART - 1 - 2,PC1,2,HIGH,275
297,NL - MICOT - MART - 1 - 4,PC3,4,LOW,275
298,NL - MICOT - MART - 1 - 3,PC2,3,MEDIUM,275
299,NL - MICOT - HEER - 1 - 1,GOLDEN,1,HIGH,247
300,NL - MICOT - HEER - 1 - 2,PC1,2,HIGH,247
301,NL - MICOT - HEER - 1 - 3,PC2,3,LOW,247
302,NL - MICOT - ORP - 1 - 1,GOLDEN,1,HIGH,301
303,NL - MICOT - ORP - 1 - 2,PC1,2,HIGH,301
304,NL - MICOT - ORP - 1 - 3,PC2,3,MEDIUM,301
305,NL - MICOT - ORP - 1 - 4,PC3,4,LOW,301
306,NL - MICOT - OLUX - 1 - 2,PC1,2,HIGH,294
307,NL - MICOT - OLUX - 1 - 3,PC2,3,MEDIUM,294
308,NL - MICOT - OLUX - 1 - 4,PC3,4,LOW,294
309,ES - ERL - LDV - 1 - 1,BUTACA ORO,1,HIGH,155
310,ES - ERL - LDV - 1 - 2,PLATEA PREFERENTE,3,HIGH,155
311,ES - ERL - LDV - 1 - 3,CLUB PREFERENTE,4,HIGH,155
312,ES - ERL - LDV - 1 - 4,PLATEA A,5,MEDIUM,155
313,ES - ERL - LDV - 1 - 5,CLUB A,6,MEDIUM,155
314,ES - ERL - LDV - 1 - 6,PALCOS,7,MEDIUM,155
315,ES - ERL - LDV - 1 - 7,PLATEA B,8,MEDIUM,155
316,ES - ERL - LDV - 1 - 8,CLUB B,9,MEDIUM,155
317,ES - ERL - LDV - 1 - 9,PLATEA VR,10,LOW,155
318,ES - ERL - LDV - 1 - 10,ANFITEATRO 1,11,LOW,155
319,ES - ERL - LDV - 1 - 11,PALCOS VR,12,LOW,155
320,ES - ERL - LDV - 1 - 12,ANFITEATRO 2,13,LOW,155
321,ES - ERL - LDV - 1 - 13,ANFITEATRO 1 VR,14,LOW,155
322,ES - ERL - LDV - 1 - 15,ANFITEATRO 2 FILA 15,15,LOW,155
323,ES - ERL - LDV - 1 - 16,BUTACA PLATA,2,HIGH,155
324,ES - MMM - COL - 1 - 1,PLATEA PREFERENTE,1,HIGH,182
325,ES - MMM - COL - 1 - 2,PLATEA A,2,HIGH,182
326,ES - MMM - COL - 1 - 3,CLUB A,3,HIGH,182
327,ES - MMM - COL - 1 - 4,PLATEA B,4,MEDIUM,182
328,ES - MMM - COL - 1 - 5,CLUB B,5,MEDIUM,182
329,ES - MMM - COL - 1 - 6,ANFITEATRO A,6,LOW,182
330,ES - MMM - COL - 1 - 7,PLATEA VR,7,LOW,182
331,ES - MMM - COL - 1 - 8,CLUB VR,8,LOW,182
332,ES - MMM - COL - 1 - 9,ANFITEATRO B,9,LOW,182
333,RU - TDV - MDM - 1 - 2,GRAND PARTER,2,HIGH,127
334,FR - GRS - TMO - 1 - 5,CARRE OR,5,HIGH,653
335,FR - GRS - TMO - 1 - 1,CATEGORIE 1,1,HIGH,653
336,FR - GRS - TMO - 1 - 2,CATEGORIE 2,2,MEDIUM,653
337,FR - GRS - TMO - 1 - 3,CATEGORIE 3,3,MEDIUM,653
338,FR - GRS - TMO - 1 - 4,CATEGORIE 4,4,LOW,653
339,FR - GRS - TMO - 1 - PREMIUM,PREMIUM,1,HIGH,653
340,DE - ALA - TNF - 1 - 1,PREMIUM 1ST ROW,1,HIGH,87
341,DE - ALA - TNF - 1 - 2,PREMIUM,2,HIGH,87
342,DE - ALA - TNF - 1 - 3,PK1,3,HIGH,87
343,DE - ALA - TNF - 1 - 4,PK2,4,MEDIUM,87
344,DE - ALA - TNF - 1 - 5,PK3,5,MEDIUM,87
345,DE - ALA - TNF - 1 - 6,PK4,6,LOW,87
346,DE - BMG - BMX - 1 - 3,PK1,3,HIGH,63
347,DE - BMG - BMX - 1 - 4,PK2,4,MEDIUM,63
348,DE - BMG - BMX - 1 - 5,PK3,5,LOW,63
349,DE - BMG - BMX - 1 - 1,PONCHO (MIDDLE),1,HIGH,63
350,DE - BMG - BMX - 1 - 2,PONCHO (SIDE),2,HIGH,63
351,DE - KDL - THH - 1 - 1,PREMIUM 1ST ROW,1,HIGH,60
352,DE - KDL - THH - 1 - 2,PREMIUM,2,HIGH,60
353,DE - KDL - THH - 1 - 3,PK1,3,HIGH,60
354,DE - KDL - THH - 1 - 4,PK2,4,MEDIUM,60
355,DE - KDL - THH - 1 - 5,PK3,5,MEDIUM,60
356,DE - CHI - PAL - 1 - 1,PREMIUM,1,HIGH,94
357,DE - CHI - PAL - 1 - 2,PK1,2,HIGH,94
358,DE - CHI - PAL - 1 - 3,PK2,3,MEDIUM,94
359,DE - CHI - PAL - 1 - 4,PK3,4,MEDIUM,94
360,DE - CHI - PAL - 1 - 5,PK4,5,LOW,94
361,DE - CHI - TDW - 1 - 1,PREMIUM,1,HIGH,95
362,DE - CHI - TDW - 1 - 2,PK1,2,HIGH,95
363,DE - CHI - TDW - 1 - 3,PK2,3,MEDIUM,95
364,DE - CHI - TDW - 1 - 4,PK3,4,MEDIUM,95
365,DE - CHI - TDW - 1 - 5,PK4,5,LOW,95
366,DE - CHI - TDW - 1 - 6,PK5,6,LOW,95
367,DE - GVN - TDW - 1 - 2,PK1,2,HIGH,88
368,DE - GVN - TDW - 1 - 3,PK2,3,MEDIUM,88
369,DE - GVN - TDW - 1 - 4,PK3,4,MEDIUM,88
370,DE - GVN - TDW - 1 - 5,PK4,5,LOW,88
371,DE - GVN - TDW - 1 - 6,PK5,6,LOW,88
372,DE - GVN - TDW - 1 - 1,PREMIUM,1,HIGH,88
373,DE - LSN - OPH - 1 - 1,PREMIUM,1,HIGH,96
374,DE - LSN - OPH - 1 - 2,PK1,2,HIGH,96
375,DE - LSN - OPH - 1 - 3,PK2,3,MEDIUM,96
376,DE - LSN - OPH - 1 - 4,PK3,4,MEDIUM,96
377,DE - LSN - OPH - 1 - 5,PK4,5,LOW,96
378,DE - MM - MET - 1 - 1,PREMIUM,1,HIGH,103
379,DE - MM - MET - 1 - 2,PK1,2,HIGH,103
380,DE - MM - MET - 1 - 3,PK2,3,MEDIUM,103
381,DE - MM - MET - 1 - 4,PK3,4,MEDIUM,103
382,DE - MM - MET - 1 - 5,PK4,5,LOW,103
383,DE - MM - PAL - 2 - 1,PREMIUM,1,HIGH,101
384,DE - MM - PAL - 2 - 2,PK1,2,HIGH,101
385,DE - MM - PAL - 2 - 3,PK2,3,MEDIUM,101
386,DE - MM - PAL - 2 - 4,PK3,4,MEDIUM,101
387,DE - MM - PAL - 2 - 5,PK4,5,LOW,101
388,DE - MM - TDW - 1 - 1,PREMIUM,1,HIGH,102
389,DE - MM - TDW - 1 - 2,PK1,2,HIGH,102
390,DE - MM - TDW - 1 - 3,PK2,3,MEDIUM,102
391,DE - MM - TDW - 1 - 4,PK3,4,MEDIUM,102
392,DE - MM - TDW - 1 - 5,PK4,5,LOW,102
393,DE - MM - TDW - 1 - 6,PK5,6,LOW,102
394,DE - MP - APO - 1 - 1,PREMIUM,1,HIGH,77
395,DE - MP - APO - 1 - 2,PK1,2,HIGH,77
396,DE - MP - APO - 1 - 3,PK2,3,MEDIUM,77
397,DE - MP - APO - 1 - 4,PK3,4,MEDIUM,77
398,DE - MP - APO - 1 - 5,PK4,5,LOW,77
399,DE - NY - TAE - 1 - 1,PREMIUM,1,HIGH,83
400,DE - NY - TAE - 1 - 2,PK1,2,HIGH,83
401,DE - NY - TAE - 1 - 3,PK2,3,MEDIUM,83
402,DE - NY - TAE - 1 - 4,PK3,4,MEDIUM,83
403,DE - NY - TAE - 1 - 5,PK4,5,LOW,83
404,DE - NY - TDW - 1 - 1,PREMIUM,1,HIGH,81
405,DE - NY - TDW - 1 - 2,PK1,2,HIGH,81
406,DE - NY - TDW - 1 - 3,PK2,3,MEDIUM,81
407,DE - NY - TDW - 1 - 4,PK3,4,MEDIUM,81
408,DE - NY - TDW - 1 - 5,PK4,5,LOW,81
409,DE - NY - TDW - 1 - 6,PK5,6,LOW,81
410,DE - NY - TDW - 2 - 1,PREMIUM,1,HIGH,82
411,DE - NY - TDW - 2 - 2,PK1,2,HIGH,82
412,DE - NY - TDW - 2 - 3,PK2,3,MEDIUM,82
413,DE - NY - TDW - 2 - 4,PK3,4,MEDIUM,82
414,DE - NY - TDW - 2 - 5,PK4,5,LOW,82
415,DE - NY - TDW - 2 - 6,PK5,6,LOW,82
416,DE - PDO - MET - 1 - 1,PREMIUM,1,HIGH,93
417,DE - PDO - MET - 1 - 2,PK1,2,HIGH,93
418,DE - PDO - MET - 1 - 3,PK2,3,MEDIUM,93
419,DE - PDO - MET - 1 - 4,PK3,4,MEDIUM,93
420,DE - PDO - MET - 1 - 5,PK4,5,LOW,93
421,DE - PDO - TNF - 1 - 1,PREMIUM,1,HIGH,92
422,DE - PDO - TNF - 1 - 2,PK1,2,HIGH,92
423,DE - PDO - TNF - 1 - 3,PK2,3,MEDIUM,92
424,DE - PDO - TNF - 1 - 4,PK3,4,MEDIUM,92
425,DE - PDO - TNF - 1 - 5,PK4,5,LOW,92
426,DE - PDO - TNF - 1 - 6,PK5,6,LOW,92
427,DE - ROC - OPH - 1 - 1,GOLDEN CIRCEL,1,HIGH,61
428,DE - ROC - OPH - 1 - 2,PREMIUM,2,HIGH,61
429,DE - ROC - OPH - 1 - 3,PK1,3,HIGH,61
430,DE - ROC - OPH - 1 - 4,PK2,4,MEDIUM,61
431,DE - ROC - OPH - 1 - 5,PK3,5,MEDIUM,61
432,DE - ROC - OPH - 1 - 6,PK4,6,LOW,61
433,DE - ROC - PAL - 1 - 1,GOLDEN CIRCEL,1,HIGH,62
434,DE - ROC - PAL - 1 - 2,PREMIUM,2,HIGH,62
435,DE - ROC - PAL - 1 - 3,PK1,3,HIGH,62
436,DE - ROC - PAL - 1 - 4,PK2,4,MEDIUM,62
437,DE - ROC - PAL - 1 - 5,PK3,5,MEDIUM,62
438,DE - ROC - PAL - 1 - 6,PK4,6,LOW,62
439,DE - SIA - MET - 1 - 1,PREMIUM,1,HIGH,106
440,DE - SIA - MET - 1 - 2,PK1,2,HIGH,106
441,DE - SIA - MET - 1 - 3,PK2,3,MEDIUM,106
442,DE - SIA - MET - 1 - 4,PK3,4,MEDIUM,106
443,DE - SIA - MET - 1 - 5,PK4,5,LOW,106
444,DE - SIA - TDW - 1 - 1,PREMIUM,1,HIGH,107
445,DE - SIA - TDW - 1 - 2,PK1,2,HIGH,107
446,DE - SIA - TDW - 1 - 3,PK2,3,MEDIUM,107
447,DE - SIA - TDW - 1 - 4,PK3,4,MEDIUM,107
448,DE - SIA - TDW - 1 - 5,PK4,5,LOW,107
449,DE - SIA - TDW - 1 - 6,PK5,6,LOW,107
450,DE - TAR - APO - 1 - 1,PREMIUM,1,HIGH,85
451,DE - TAR - APO - 1 - 2,PK1,2,HIGH,85
452,DE - TAR - APO - 1 - 3,PK2,3,MEDIUM,85
453,DE - TAR - APO - 1 - 4,PK3,4,MEDIUM,85
454,DE - TAR - APO - 1 - 5,PK4,5,LOW,85
455,DE - TAR - MET - 1 - 1,PREMIUM,1,HIGH,86
456,DE - TAR - MET - 1 - 2,PK1,2,HIGH,86
457,DE - TAR - MET - 1 - 3,PK2,3,MEDIUM,86
458,DE - TAR - MET - 1 - 4,PK3,4,MEDIUM,86
459,DE - TAR - MET - 1 - 5,PK4,5,LOW,86
460,DE - TAR - MET - 1 - 6,PK5,6,LOW,86
461,DE - TDV - PAL - 2 - 1,PREMIUM,1,HIGH,74
462,DE - TDV - PAL - 2 - 2,PK1,2,HIGH,74
463,DE - TDV - PAL - 2 - 3,PK2,3,MEDIUM,74
464,DE - TDV - PAL - 2 - 4,PK3,4,MEDIUM,74
465,DE - TDV - PAL - 2 - 5,PK4,5,LOW,74
466,DE - TDV - TDW - 2 - 1,PK1,1,HIGH,72
467,DE - TDV - TDW - 2 - 2,PK2,2,MEDIUM,72
468,DE - TDV - TDW - 2 - 3,PK3,3,MEDIUM,72
469,DE - TDV - TDW - 2 - 4,PK4,4,LOW,72
470,DE - TDV - TDW - 2 - 5,PK5,5,LOW,72
471,DE - TDV - TDW - 3 - 1,PREMIUM,1,HIGH,73
472,DE - TDV - TDW - 3 - 2,PK1,2,HIGH,73
473,DE - TDV - TDW - 3 - 3,PK2,3,MEDIUM,73
474,DE - TDV - TDW - 3 - 4,PK3,4,MEDIUM,73
475,DE - TDV - TDW - 3 - 5,PK4,5,LOW,73
476,DE - TDV - TDW - 3 - 6,PK5,6,LOW,73
477,DE - UDO - OPH - 1 - 1,PREMIUM,1,HIGH,76
478,DE - UDO - OPH - 1 - 2,PK1,2,HIGH,76
479,DE - UDO - OPH - 1 - 3,PK2,3,MEDIUM,76
480,DE - UDO - OPH - 1 - 4,PK3,4,MEDIUM,76
481,DE - UDO - OPH - 1 - 5,PK4,5,LOW,76
482,DE - UDO - TPP - 1 - 1,PREMIUM,1,HIGH,75
483,DE - UDO - TPP - 1 - 2,PK1,2,HIGH,75
484,DE - UDO - TPP - 1 - 3,PK2,3,MEDIUM,75
485,DE - UDO - TPP - 1 - 4,PK3,4,MEDIUM,75
486,DE - UDO - TPP - 1 - 5,PK4,5,LOW,75
487,DE - UDO - TPP - 1 - 6,PK5,6,LOW,75
488,DE - WVB - TAE - 1 - 1,PREMIUM,1,HIGH,89
489,DE - WVB - TAE - 1 - 2,PK1,2,HIGH,89
490,DE - WVB - TAE - 1 - 3,PK2,3,MEDIUM,89
491,DE - WVB - TAE - 1 - 4,PK3,4,MEDIUM,89
492,DE - WVB - TAE - 1 - 5,PK4,5,LOW,89
493,RU - BB - ROS - 1 - 1,PREMIUM,1,HIGH,124
494,RU - BB - ROS - 1 - 2,PK1,2,HIGH,124
495,RU - BB - ROS - 1 - 3,PK2,3,MEDIUM,124
496,RU - BB - ROS - 1 - 4,PK3,4,MEDIUM,124
497,RU - BB - ROS - 1 - 5,PK4,5,LOW,124
498,RU - CIN - ROS - 1 - 2,PK1,2,HIGH,126
499,RU - CIN - ROS - 1 - 3,PK2,3,MEDIUM,126
500,RU - CIN - ROS - 1 - 4,PK3,4,MEDIUM,126
501,RU - CIN - ROS - 1 - 5,PK4,5,LOW,126
502,RU - CIN - ROS - 1 - 1,PREMIUM,1,HIGH,126
503,RU - POTO - MDM - 1 - 1,GRAND PARTER,1,HIGH,123
504,RU - POTO - MDM - 1 - 2,PREMIUM,2,HIGH,123
505,RU - POTO - MDM - 1 - 3,PK1,3,MEDIUM,123
506,RU - POTO - MDM - 1 - 4,PK2,4,MEDIUM,123
507,RU - POTO - MDM - 1 - 5,PK3,5,LOW,123
508,RU - POTO - MDM - 1 - 6,PHANTOM'S BOX,6,HIGH,123
509,RU - POTO - MDM - 1 - 7,MDM BOX,7,HIGH,123
510,RU - POTO - MDM - 1 - 8,MDM BOX,8,HIGH,123
511,RU - SITR - ROS - 1 - 1,PREMIUM,1,HIGH,125
512,RU - SITR - ROS - 1 - 2,PK1,2,HIGH,125
513,RU - SITR - ROS - 1 - 3,PK2,3,MEDIUM,125
514,RU - SITR - ROS - 1 - 4,PK3,4,MEDIUM,125
515,RU - SITR - ROS - 1 - 5,PK4,5,LOW,125
516,RU - TDV - MDM - 1 - 3,PK1,3,MEDIUM,127
517,RU - TDV - MDM - 1 - 4,PK2,4,MEDIUM,127
518,RU - TDV - MDM - 1 - 5,PK3,5,MEDIUM,127
519,RU - TDV - MDM - 1 - 6,PK4,6,LOW,127
520,RU - TDV - MDM - 1 - 7,VON KROLOCK'S BOX,7,HIGH,127
521,RU - TDV - MDM - 1 - 8,MDM BOX 1,8,HIGH,127
522,RU - TDV - MDM - 1 - 9,MDM BOX 2,9,HIGH,127
523,RU - TDV - MDM - 1 - 1,VIP,1,HIGH,127
524,DE - GEF - TDW - 1 - 1,PREMIUM,1,HIGH,157
525,DE - GEF - TDW - 1 - 2,PK1,2,HIGH,157
526,DE - GEF - TDW - 1 - 3,PK2,3,MEDIUM,157
527,DE - GEF - TDW - 1 - 4,PK3,4,MEDIUM,157
528,DE - GEF - TDW - 1 - 5,PK4,5,LOW,157
529,DE - GEF - TDW - 1 - 6,PK5,6,LOW,157
530,DE - GHO - TDW - 1 - 2,PK1,2,HIGH,422
531,DE - GHO - TDW - 1 - 3,PK2,3,MEDIUM,422
532,DE - GHO - TDW - 1 - 4,PK3,4,MEDIUM,422
533,DE - GHO - TDW - 1 - 5,PK4,5,LOW,422
534,DE - GHO - TDW - 1 - 6,PK5,6,LOW,422
535,DE - GHO - TDW - 1 - 1,PREMIUM,1,HIGH,422
536,DE - TDV - TAE - 1 - 2,PK1,2,HIGH,659
537,DE - TDV - TAE - 1 - 3,PK2,3,MEDIUM,659
538,DE - TDV - TAE - 1 - 4,PK3,4,MEDIUM,659
539,DE - TDV - TAE - 1 - 5,PK4,5,LOW,659
540,DE - TDV - TAE - 1 - 1,PREMIUM,1,HIGH,659
541,RU - ALD - LUZ - 1 - 1,VIP,1,HIGH,661
542,RU - ALD - LUZ - 1 - 2,PK1,2,MEDIUM,661
543,RU - ALD - LUZ - 1 - 3,PK2,3,LOW,661
544,RU - IAL - SCO - 1 - 1,GOLD,1,HIGH,660
545,RU - IAL - SCO - 1 - 2,VIP,2,HIGH,660
546,RU - IAL - SCO - 1 - 3,PK1,3,MEDIUM,660
547,RU - IAL - SCO - 1 - 4,PK2,4,MEDIUM,660
548,RU - IAL - SCO - 1 - 5,PK3,5,LOW,660
549,RU - SINDBAD - LUZ - 1 - 1,VIP,1,HIGH,662
550,RU - SINDBAD - LUZ - 1 - 2,PK1,2,HIGH,662
551,RU - SINDBAD - LUZ - 1 - 3,PK2,3,MEDIUM,662
552,RU - SINDBAD - LUZ - 1 - 4,PK3,4,MEDIUM,662
553,RU - SINDBAD - LUZ - 1 - 5,PK4,5,LOW,662
554,DE - NY - APO - 1 - 1,PK1,1,HIGH,79
555,DE - NY - APO - 1 - 2,PK2,2,MEDIUM,79
556,DE - NY - APO - 1 - 3,PK3,3,MEDIUM,79
557,DE - NY - APO - 1 - 4,PK4,4,LOW,79
558,DE - TAR - TNF - 1 - 1,PREMIUM,1,HIGH,84
559,DE - TAR - TNF - 1 - 2,PK1,2,HIGH,84
560,DE - TAR - TNF - 1 - 3,PK2,3,MEDIUM,84
561,DE - TAR - TNF - 1 - 4,PK3,4,MEDIUM,84
562,DE - TAR - TNF - 1 - 5,PK4,5,LOW,84
563,DE - KB - OPH - 1 - 1,PREMIUM,1,HIGH,431
564,DE - KB - OPH - 1 - 2,PK1,2,HIGH,431
565,DE - KB - OPH - 1 - 3,PK2,3,MEDIUM,431
566,DE - KB - OPH - 1 - 4,PK3,4,MEDIUM,431
567,DE - KB - OPH - 1 - 5,PK4,5,LOW,431
568,DE - TBG - PAL - 1 - 1,PREMIUM,1,HIGH,664
569,DE - TBG - PAL - 1 - 2,PK1,2,HIGH,664
570,DE - TBG - PAL - 1 - 3,PK2,3,MEDIUM,664
571,DE - TBG - PAL - 1 - 4,PK3,4,MEDIUM,664
572,DE - TBG - PAL - 1 - 5,PK4,5,LOW,664
573,FR - BDV - TMO - 1 - 1,CATEGORIE 1,1,HIGH,128
574,FR - BDV - TMO - 1 - 2,CATEGORIE 2,2,MEDIUM,128
575,FR - BDV - TMO - 1 - 3,CATEGORIE 3,3,MEDIUM,128
576,FR - BDV - TMO - 1 - 4,CATEGORIE 4,4,LOW,128
577,FR - BDV - TMO - 1 - 5,CARRE OR,5,HIGH,128
578,FR - BDV - TMO - 1 - PREMIUM,PREMIUM,1,HIGH,128
579,FR - CAT - TMO - 1 - 1,CATEGORIE 1,1,HIGH,130
580,FR - CAT - TMO - 1 - 2,CATEGORIE 2,2,MEDIUM,130
581,FR - CAT - TMO - 1 - 3,CATEGORIE 3,3,MEDIUM,130
582,FR - CAT - TMO - 1 - 4,CATEGORIE 4,4,LOW,130
583,FR - CAT - TMO - 1 - 5,CARRE OR,5,HIGH,130
584,FR - CAT - TMO - 1 - PREMIUM,PREMIUM,1,HIGH,130
585,FR - FDO - TMO - 1 - 1,CATEGORIE 1,1,HIGH,131
586,FR - FDO - TMO - 1 - 2,CATEGORIE 2,2,MEDIUM,131
587,FR - FDO - TMO - 1 - 3,CATEGORIE 3,3,MEDIUM,131
588,FR - FDO - TMO - 1 - 4,CATEGORIE 4,4,LOW,131
589,FR - FDO - TMO - 1 - 5,CARRE OR,5,HIGH,131
590,FR - FDO - TMO - 1 - PREMIUM,PREMIUM,1,HIGH,131
591,ES - ERL - LDV - 1 - 14,ANFITEATRO 1 VR,14,LOW,155
592,DE - NY - MET - 1 - 1,PK1,1,HIGH,80
593,DE - NY - MET - 1 - 2,PK2,2,MEDIUM,80
594,DE - NY - MET - 1 - 3,PK3,3,MEDIUM,80
595,DE - NY - MET - 1 - 4,PK4,4,LOW,80
596,DE - SIA - APO - 1 - 1,PK1,1,HIGH,105
597,DE - SIA - APO - 1 - 2,PK2,2,MEDIUM,105
598,DE - SIA - APO - 1 - 3,PK3,3,MEDIUM,105
599,DE - SIA - APO - 1 - 4,PK4,4,LOW,105
600,DE - SIA - OPH - 1 - 1,PK1,1,HIGH,104
601,DE - SIA - OPH - 1 - 2,PK2,2,MEDIUM,104
602,DE - SIA - OPH - 1 - 3,PK3,3,MEDIUM,104
603,DE - SIA - OPH - 1 - 4,PK4,4,LOW,104
604,DE - DD - MET - 1 - 1,PK1,1,HIGH,181
605,DE - DD - MET - 1 - 2,PK2,2,MEDIUM,181
606,DE - DD - MET - 1 - 3,PK3,3,MEDIUM,181
607,DE - DD - MET - 1 - 4,PK4,4,LOW,181
608,DE - REB - PAL - 1 - 1,PK1,1,HIGH,428
609,DE - REB - PAL - 1 - 2,PK2,2,MEDIUM,428
610,DE - REB - PAL - 1 - 3,PK3,3,MEDIUM,428
611,DE - REB - PAL - 1 - 4,PK4,4,LOW,428
612,FR - BEB - TMO - 1 - 1,CATEGORIE 1,1,HIGH,129
613,FR - BEB - TMO - 1 - 2,CATEGORIE 2,2,MEDIUM,129
614,FR - BEB - TMO - 1 - 3,CATEGORIE 3,3,MEDIUM,129
615,FR - BEB - TMO - 1 - 4,CATEGORIE 4,4,LOW,129
616,FR - BEB - TMO - 1 - 5,CARRE OR,5,HIGH,129
617,FR - SIS - TMO - 1 - 5,CARRE OR,5,HIGH,655
618,FR - SIS - TMO - 1 - 4,CATEGORIE 4,4,LOW,655
619,FR - SIS - TMO - 1 - 1,CATEGORIE 1,1,HIGH,655
620,FR - SIS - TMO - 1 - 2,CATEGORIE 2,2,MEDIUM,655
621,FR - SIS - TMO - 1 - 3,CATEGORIE 3,3,MEDIUM,655
622,FR - LRL - TMO - 1 - 3,CATEGORIE 3,3,MEDIUM,654
623,FR - LRL - TMO - 1 - 2,CATEGORIE 2,2,MEDIUM,654
624,FR - LRL - TMO - 1 - 1,CATEGORIE 1,1,HIGH,654
625,FR - LRL - TMO - 1 - 4,CATEGORIE 4,4,LOW,654
626,FR - CAB - TMA - 1 - 1,CATEGORIE 1,1,HIGH,657
627,FR - CAB - TMA - 1 - 2,CATEGORIE 2,2,MEDIUM,657
628,FR - CAB - TMA - 1 - 3,CATEGORIE 3,3,MEDIUM,657
629,FR - CAB - TMA - 1 - 4,CATEGORIE 4,4,LOW,657
630,FR - CAB - TMA - 1 - 5,CARRE OR,5,HIGH,657
631,FR - MAM - TMO - 1 - 5,CARRE OR,5,HIGH,656
632,FR - LRL - TMO - 1 - 5,CARRE OR,5,HIGH,656
633,FR - MAM - TMO - 1 - 1,CATEGORIE 1,1,HIGH,656
634,FR - MAM - TMO - 1 - 2,CATEGORIE 2,2,MEDIUM,656
635,FR - MAM - TMO - 1 - 4,CATEGORIE 4,4,LOW,656
636,FR - MAM - TMO - 1 - 3,CATEGORIE 3,3,MEDIUM,656
637,FR - MAM - PSP -  - 4,CATEGORIE 4,4,LOW,666
638,FR - MAM - PSP -  - 2,CATEGORIE 2,2,MEDIUM,666
639,FR - MAM - PSP -  - 1,CATEGORIE 1,1,HIGH,666
640,FR - MAM - PSP -  - 3,CATEGORIE 3,3,MEDIUM,666
641,FR - MAM - PSP -  - 5,CARRE OR,5,HIGH,666
642,FR - ZOR - FOL - 1 - 4,CATEGORIE 4,4,LOW,665
643,FR - ZOR - FOL - 1 - 2,CATEGORIE 2,2,MEDIUM,665
644,FR - ZOR - FOL - 1 - 1,CATEGORIE 1,1,HIGH,665
645,FR - ZOR - FOL - 1 - 3,CATEGORIE 3,3,MEDIUM,665
646,FR - ZOR - FOL - 1 - 5,CARRE OR,5,HIGH,665
647,NL - TBG - BTU - 1 - 9,SINGLE SEATS,9,MEDIUM,133
648,DE - MP - TAE - 1 - 1,PREMIUM 1ST ROW,1,HIGH,672
649,DE - MP - TAE - 1 - 2,PREMIUM,2,HIGH,672
650,DE - MP - TAE - 1 - 3,PK1,3,HIGH,672
651,DE - MP - TAE - 1 - 4,PK2,4,MEDIUM,672
652,DE - MP - TAE - 1 - 5,PK3,5,MEDIUM,672
653,DE - GVN - APO - 1 - 1,PREMIUM 1ST ROW,1,HIGH,690
654,DE - GVN - APO - 1 - 2,PREMIUM,2,HIGH,690
655,DE - GVN - APO - 1 - 3,PK1,3,HIGH,690
656,DE - GVN - APO - 1 - 4,PK2,4,MEDIUM,690
657,DE - GVN - APO - 1 - 5,PK3,5,MEDIUM,690
658,RU - GHO - MDM - 1 - 1,VIP,1,HIGH,691
659,RU - GHO - MDM - 1 - 2,PREMIUM LOGE,2,HIGH,691
660,RU - GHO - MDM - 1 - 3,PK1,3,MEDIUM,691
661,RU - GHO - MDM - 1 - 4,PK2,4,MEDIUM,691
662,RU - GHO - MDM - 1 - 5,PK3,5,MEDIUM,691
663,RU - GHO - MDM - 1 - 6,PK4,6,LOW,691
664,RU - TDV - MDM - 1 - 10,FREE SEETING,10,LOW,127
665,RU - TDV - MDM - 1 - 11,EXCLUSIVE. 1 PERSONS.,11,HIGH,127
666,RU - TDV - MDM - 1 - 12,EXCLUSIVE. 2 PERSONS.,12,HIGH,127
667,RU - TDV - MDM - 1 - 13,EXCLUSIVE. 3 PERSONS.,13,HIGH,127
668,RU - TDV - MDM - 1 - 14,COMFORT. 1 PERSONS.,14,HIGH,127
669,RU - TDV - MDM - 1 - 15,COMFORT. 2 PERSONS.,15,HIGH,127
670,RU - TDV - MDM - 1 - 16,COMFORT. 3 PERSONS.,16,HIGH,127
671,RU - GHO - MDM - 1 - 7,GHOST'S BOX,7,HIGH,691
672,RU - GHO - MDM - 1 - 8,MDM BOX 1,8,HIGH,691
673,RU - GHO - MDM - 1 - 9,MDM BOX 2,9,HIGH,691
674,DE - FJG - TIW - 1 - 1,PREMIUM,1,HIGH,692
675,DE - FJG - TIW - 1 - 2,PK1,2,HIGH,692
676,DE - FJG - TIW - 1 - 3,PK2,3,HIGH,692
677,DE - FJG - TIW - 1 - 4,PK3,4,MEDIUM,692
678,DE - FJG - TIW - 1 - 5,PK4,5,LOW,692
679,NL - OYF - BTU - 1 - 7,DUMMY,7,DUMMY,380
680,ES - MMM - COL - 1 - 10,VIP,10,HIGH,182
681,ES - MMM - COL - 1 - 11,ANFITEATRO A VR,11,LOW,182
682,DE - ALA - TNF - 1 - 7,PK5,7,LOW,87
683,DE - KB - OPH - 1 - 6,PK5,6,LOW,431
684,DE - KB - OPH - 1 - 7,PK6,7,LOW,431
685,NL - JERSEY - BTU - 1 - 1,PLATINUM,1,HIGH,398
686,NL - JERSEY - BTU - 1 - 2,GOLDEN,2,HIGH,398
687,NL - JERSEY - BTU - 1 - 3,PC1,3,HIGH,398
688,NL - JERSEY - BTU - 1 - 4,PC2,4,MEDIUM,398
689,NL - JERSEY - BTU - 1 - 5,PC3,5,MEDIUM,398
690,NL - JERSEY - BTU - 1 - 6,PC4,6,LOW,398
691,NL - JERSEY - BTU - 1 - 7,PC5,7,LOW,398
692,NL - JERSEY - BTU - 1 - 8,DUMMY,8,DUMMY,398
693,NL - ANNIEMG - DLMWS - 1 - 1,PREMIUM,1,HIGH,794
694,NL - ANNIEMG - DLMWS - 1 - 2,PC1,2,HIGH,794
695,NL - ANNIEMG - DLMWS - 1 - 3,PC2,3,MEDIUM,794
696,NL - ANNIEMG - DLMWS - 1 - 4,PC3,4,MEDIUM,794
697,NL - ANNIEMG - DLMWS - 1 - 5,PC4,5,LOW,794
698,NL - ANNIEMG - DLMWS - 1 - 6,DUMMY,6,DUMMY,794
699,FR - MAM - PSP - 1 - 1,CATEGORIE 1,1,HIGH,675
700,FR - MAM - PSP - 1 - 2,CATEGORIE 2,2,MEDIUM,675
701,FR - MAM - PSP - 1 - 3,CATEGORIE 3,3,MEDIUM,675
702,FR - MAM - PSP - 1 - 4,CATEGORIE 4,4,LOW,675
703,FR - MAM - PSP - 1 - 5,CARRE OR,5,HIGH,675
704,NL - OYF - BTU - 1 - 8,SINGLE SEATS,8,SINGLE SEATS,380
705,FR - CHI - TMO - 1 - 1,CATEGORIE 1,1,HIGH,800
706,FR - CHI - TMO - 1 - 2,CATEGORIE 2,2,MEDIUM,800
707,FR - CHI - TMO - 1 - 3,CATEGORIE 3,3,MEDIUM,800
708,FR - CHI - TMO - 1 - 4,CATEGORIE 4,4,LOW,800
709,FR - CHI - TMO - 1 - 5,CARRE OR,5,HIGH,800
710,NL - MM18 - BTU - 1 - 1,PREMIUM,1,HIGH,799
711,NL - MM18 - BTU - 1 - 2,PC1,2,HIGH,799
712,NL - MM18 - BTU - 1 - 3,PC2,3,MEDIUM,799
713,NL - MM18 - BTU - 1 - 4,PC3,4,LOW,799
714,NL - MM18 - BTU - 1 - 5,DUMMY,5,DUMMY,799
715,NL - MM18 - BTU - 1 - 6,SINGLE SEATS,6,SINGLE SEATS,799
716,NL - ELIIC18 - SOEST - 1 - 1,PREMIUM,1,HIGH,796
717,NL - ELIIC18 - SOEST - 1 - 2,PC1,2,MEDIUM,796
718,NL - ELIIC18 - SOEST - 1 - 3,PC2,3,LOW,796
719,NL - ELIIC18 - SOEST - 1 - 4,DUMMY,4,DUMMY,796
720,DE - 3M - APO - 1 - 1,PK1,1,HIGH,159
721,DE - 3M - APO - 1 - 2,PK2,2,HIGH,159
722,DE - 3M - APO - 1 - 3,PK3,3,MEDIUM,159
723,DE - 3M - APO - 1 - 4,PK4,4,LOW,159
724,DE - 3M - TDW - 1 - 1,PK1,1,HIGH,158
725,DE - 3M - TDW - 1 - 2,PK2,2,HIGH,158
726,DE - 3M - TDW - 1 - 3,PK3,3,MEDIUM,158
727,DE - 3M - TDW - 1 - 4,PK4,4,MEDIUM,158
728,DE - 3M - TDW - 1 - 5,PK5,5,LOW,158
729,DE - 3M - TDW - 1 - 6,PK6,6,LOW,158
730,DE - 42ND - APO - 1 - 1,PK1,1,HIGH,421
731,DE - 42ND - APO - 1 - 2,PK2,2,HIGH,421
732,DE - 42ND - APO - 1 - 3,PK3,3,MEDIUM,421
733,DE - 42ND - APO - 1 - 4,PK4,4,LOW,421
734,DE - 42ND - APO - 1 - 5,PK5,5,LOW,421
735,DE - ALACON - TNF - 1 - 1,PREMIUM 1ST ROW,1,HIGH,803
736,DE - ALACON - TNF - 1 - 2,PREMIUM,2,HIGH,803
737,DE - ALACON - TNF - 1 - 3,PK1,3,HIGH,803
738,DE - ALACON - TNF - 1 - 4,PK2,4,MEDIUM,803
739,DE - ALACON - TNF - 1 - 5,PK3,5,MEDIUM,803
740,DE - ALACON - TNF - 1 - 6,PK4,6,LOW,803
741,DE - ALACON - TNF - 1 - 7,PK5,7,LOW,803
742,DE - AN - PAL - 1 - 1,PREMIUM 1ST ROW,1,HIGH,801
743,DE - AN - PAL - 1 - 2,PREMIUM,2,HIGH,801
744,DE - AN - PAL - 1 - 3,PK1,3,HIGH,801
745,DE - AN - PAL - 1 - 4,PK2,4,MEDIUM,801
746,DE - AN - PAL - 1 - 5,PK3,5,MEDIUM,801
747,DE - AN - PAL - 1 - 6,PK4,6,LOW,801
748,DE - BMG - APO - 1 - 1,PK1,1,HIGH,66
749,DE - BMG - APO - 1 - 2,PK2,2,HIGH,66
750,DE - BMG - APO - 1 - 3,PK3,3,MEDIUM,66
751,DE - BMG - APO - 1 - 4,PK4,4,LOW,66
752,DE - BMG - TPP - 1 - 1,PK1,1,HIGH,64
753,DE - BMG - TPP - 1 - 2,PK2,2,MEDIUM,64
754,DE - BMG - TPP - 1 - 3,PK3,3,LOW,64
755,DE - CAT - TPP - 1 - 1,PK1,1,HIGH,425
756,DE - CAT - TPP - 1 - 2,PK2,2,HIGH,425
757,DE - CAT - TPP - 1 - 3,PK3,3,MEDIUM,425
758,DE - CAT - TPP - 1 - 4,PK4,4,LOW,425
759,DE - DD - TPP - 1 - 1,PK1,1,HIGH,180
760,DE - DD - TPP - 1 - 2,PK2,2,HIGH,180
761,DE - DD - TPP - 1 - 3,PK3,3,MEDIUM,180
762,DE - DD - TPP - 1 - 4,PK4,4,LOW,180
763,DE - DD - TPP - 1 - 5,PK5,5,LOW,180
764,DE - ELI - APO - 1 - 1,PK1,1,HIGH,165
765,DE - ELI - APO - 1 - 2,PK2,2,HIGH,165
766,DE - ELI - APO - 1 - 3,PK3,3,MEDIUM,165
767,DE - ELI - APO - 1 - 4,PK4,4,LOW,165
768,DE - ELI - APO - 1 - 5,PK5,5,LOW,165
769,DE - ELI - TDW - 1 - 1,PK1,1,HIGH,166
770,DE - ELI - TDW - 1 - 2,PK2,2,HIGH,166
771,DE - ELI - TDW - 1 - 3,PK3,3,MEDIUM,166
772,DE - ELI - TDW - 1 - 4,PK4,4,LOW,166
773,DE - ELI - TDW - 1 - 5,PK5,5,LOW,166
774,DE - FJG - TIW - 1 - 6,PK5,6,LOW,692
775,DE - GHO - OPH - 1 - 1,PREMIUM 1ST ROW,1,HIGH,802
776,DE - GHO - OPH - 1 - 2,PREMIUM,2,HIGH,802
777,DE - GHO - OPH - 1 - 3,PK1,3,HIGH,802
778,DE - GHO - OPH - 1 - 4,PK2,4,HIGH,802
779,DE - GHO - OPH - 1 - 5,PK3,5,MEDIUM,802
780,DE - GHO - OPH - 1 - 6,PK4,6,LOW,802
781,DE - GVN - APO - 1 - 6,PK4,6,LOW,690
782,DE - KDL - THH - 1 - 6,PK4,6,LOW,60
783,DE - MP - TAE - 1 - 6,PK4,6,LOW,672
784,ES - MMM - COL - 1 - 12,PLATEA A (PROMOCIÓN),12,DISCOUNT,182
785,ES - MMM - COL - 1 - 13,BUTACA ORO,1,HIGH,182
786,ES - MMM - COL - 1 - 14,CLUB PREFERENTE,1,HIGH,182
787,DE - BOH - MET - 1 - 1,PREMIUM 1ST ROW,1,HIGH,808
788,DE - BOH - MET - 1 - 2,PREMIUM,2,HIGH,808
789,DE - BOH - MET - 1 - 3,PK1,3,HIGH,808
790,DE - BOH - MET - 1 - 4,PK2,4,MEDIUM,808
791,DE - BOH - MET - 1 - 5,PK3,5,MEDIUM,808
792,DE - BOH - MET - 1 - 6,PK4,6,LOW,808
793,DE - BOH - MET - 1 - 7,PK5,7,LOW,808
794,DE - PAR - TNF - 1 - 1,PREMIUM 1ST ROW,1,HIGH,807
795,DE - PAR - TNF - 1 - 2,PREMIUM,2,HIGH,807
796,DE - PAR - TNF - 1 - 3,PK1,3,HIGH,807
797,DE - PAR - TNF - 1 - 4,PK2,4,MEDIUM,807
798,DE - PAR - TNF - 1 - 5,PK3,5,MEDIUM,807
799,DE - PAR - TNF - 1 - 6,PK4,6,LOW,807
800,DE - PAR - TNF - 1 - 7,PK5,7,LOW,807
801,FR - CHI - TMO - 1 - 6,CATEGORIE UNIQUE,6,MEDIUM,800
802,DE - TIN - OPH - 1 - 1,PREMIUM 1ST ROW,1,HIGH,842
803,DE - TIN - OPH - 1 - 2,PREMIUM,2,HIGH,842
804,DE - TIN - OPH - 1 - 3,PK1,3,HIGH,842
805,DE - TIN - OPH - 1 - 4,PK2,4,HIGH,842
806,DE - TIN - OPH - 1 - 5,PK3,5,MEDIUM,842
807,DE - TIN - OPH - 1 - 6,PK4,6,LOW,842
808,DE - AME - TIW - 1 - 1,PREMIUM,1,HIGH,812
809,DE - AME - TIW - 1 - 2,PK1,2,HIGH,812
810,DE - AME - TIW - 1 - 3,PK2,3,HIGH,812
811,DE - AME - TIW - 1 - 4,PK3,4,MEDIUM,812
812,DE - AME - TIW - 1 - 5,PK4,5,LOW,812
813,DE - AME - TIW - 1 - 6,PK5,6,LOW,812
814,DE - TDV - TDW - 4 - 1,PREMIUM 1ST ROW,1,HIGH,806
815,DE - TDV - TDW - 4 - 2,PREMIUM,2,HIGH,806
816,DE - TDV - TDW - 4 - 3,PK1,3,HIGH,806
817,DE - TDV - TDW - 4 - 4,PK2,4,MEDIUM,806
818,DE - TDV - TDW - 4 - 5,PK3,5,MEDIUM,806
819,DE - TDV - TDW - 4 - 6,PK4,6,LOW,806
820,DE - TDV - TDW - 4 - 7,PK5,7,LOW,806
821,DE - BAN - TDW - 1 - 1,PREMIUM 1ST ROW,1,HIGH,813
822,DE - BAN - TDW - 1 - 2,PREMIUM,2,HIGH,813
823,DE - BAN - TDW - 1 - 3,PK1,3,HIGH,813
824,DE - BAN - TDW - 1 - 4,PK2,4,MEDIUM,813
825,DE - BAN - TDW - 1 - 5,PK3,5,MEDIUM,813
826,DE - BAN - TDW - 1 - 6,PK4,6,LOW,813
827,DE - BAN - TDW - 1 - 7,PK5,7,LOW,813
828,UK - _N/A,_N/A,-1,_N/A,848
829,UK - _UNK,_Unknown,-1,_Unknown,849
830,NL - LAZ - DLMWS - 1 - 1,PREMIUM,1,HIGH,818
831,NL - LAZ - DLMWS - 1 - 2,PC1,2,HIGH,818
832,NL - LAZ - DLMWS - 1 - 3,PC2,3,MEDIUM,818
833,NL - LAZ - DLMWS - 1 - 4,PC3,4,LOW,818
834,NL - LAZ - DLMWS - 1 - 5,DUMMY,5,DUMMY,818
835,ES - ANA - COL - 1 - 1,BUTACA ORO,1,HIGH,798
836,ES - ANA - COL - 1 - 2,BUTACA PLATA,2,HIGH,798
837,ES - ANA - COL - 1 - 3,PLATEA PREFERENTE,3,HIGH,798
838,ES - ANA - COL - 1 - 4,CLUB PREFERENTE,4,HIGH,798
839,ES - ANA - COL - 1 - 5,PLATEA A,5,MEDIUM,798
840,ES - ANA - COL - 1 - 6,CLUB A,6,MEDIUM,798
841,ES - ANA - COL - 1 - 7,PLATEA B,7,MEDIUM,798
842,ES - ANA - COL - 1 - 8,CLUB B,8,MEDIUM,798
843,ES - ANA - COL - 1 - 9,PLATEA VP,9,MEDIUM,798
844,ES - ANA - COL - 1 - 10,CLUB VP,10,MEDIUM,798
845,ES - ANA - COL - 1 - 11,PLATEA VR,11,LOW,798
846,ES - ANA - COL - 1 - 12,CLUB VR,12,LOW,798
847,ES - ANA - COL - 1 - 13,ANFITEATRO A,13,LOW,798
848,ES - ANA - COL - 1 - 14,ANFITEATRO A VR,14,LOW,798
849,ES - ANA - COL - 1 - 15,ANFITEATRO B,15,LOW,798
850,DE - PW - TAE - 1 - 1,PREMIUM 1ST ROW,1,HIGH,856
851,DE - PW - TAE - 1 - 2,PREMIUM,2,HIGH,856
852,DE - PW - TAE - 1 - 3,PK1,3,HIGH,856
853,DE - PW - TAE - 1 - 4,PK2,4,MEDIUM,856
854,DE - PW - TAE - 1 - 5,PK3,5,MEDIUM,856
855,DE - PW - TAE - 1 - 6,PK4,6,LOW,856
856,FR - GHO - TMO - 1 - 1,CATEGORIE 1,1,HIGH,862
857,FR - GHO - TMO - 1 - 2,CATEGORIE 2,2,MEDIUM,862
858,FR - GHO - TMO - 1 - 3,CATEGORIE 3,3,MEDIUM,862
859,FR - GHO - TMO - 1 - 4,CATEGORIE 4,4,LOW,862
860,FR - GHO - TMO - 1 - 5,CARRE OR,5,HIGH,862
861,FR - GHO - TMO - 1 - 6,SUPER OR,6,HIGH,862
862,DE - ALA - APO - 1 - 1,PREMIUM 1ST ROW,1,HIGH,809
863,DE - ALA - APO - 1 - 2,PREMIUM,2,HIGH,809
864,DE - ALA - APO - 1 - 3,PK1,3,HIGH,809
865,DE - ALA - APO - 1 - 4,PK2,4,MEDIUM,809
866,DE - ALA - APO - 1 - 5,PK3,5,MEDIUM,809
867,DE - ALA - APO - 1 - 6,PK4,6,LOW,809
868,DE - MM - COL - 2 - 1,PREMIUM,1,HIGH,852
869,DE - MM - COL - 2 - 2,PK1,2,HIGH,852
870,DE - MM - COL - 2 - 3,PK2,3,MEDIUM,852
871,DE - MM - COL - 2 - 4,PK3,4,MEDIUM,852
872,DE - MM - COL - 2 - 5,PK4,5,LOW,852
873,DE - MM - TDW - 2 - 7,PK5,7,LOW,860
874,DE - MM - TDW - 2 - 2,PREMIUM,2,HIGH,860
875,DE - MM - TDW - 2 - 3,PK1,3,HIGH,860
876,DE - MM - TDW - 2 - 4,PK2,4,MEDIUM,860
877,DE - MM - TDW - 2 - 5,PK3,5,MEDIUM,860
878,DE - MM - TDW - 2 - 6,PK4,6,LOW,860
879,DE - MM - TDW - 2 - 1,PREMIUM 1ST ROW,1,HIGH,860
880,DE - GHO - PAL - 1 - 1,PREMIUM 1ST ROW,1,HIGH,863
881,DE - GHO - PAL - 1 - 2,PREMIUM,2,HIGH,863
882,DE - GHO - PAL - 1 - 3,PK1,3,HIGH,863
883,DE - GHO - PAL - 1 - 4,PK2,4,MEDIUM,863
884,DE - GHO - PAL - 1 - 5,PK3,5,MEDIUM,863
885,DE - GHO - PAL - 1 - 6,PK4,6,LOW,863
886,DE - TDV - MET - 2 - 1,PREMIUM 1ST ROW,1,HIGH,864
887,DE - TDV - MET - 2 - 2,PREMIUM,2,HIGH,864
888,DE - TDV - MET - 2 - 3,PK1,3,HIGH,864
889,DE - TDV - MET - 2 - 4,PK2,4,MEDIUM,864
890,DE - TDV - MET - 2 - 5,PK3,5,MEDIUM,864
891,DE - TDV - MET - 2 - 6,PK4,6,LOW,864
892,DE - TDV - MET - 2 - 7,PK5,7,LOW,864
893,US - _N/A,_N/A,-1,_N/A,865
894,US - _UNK,_Unknown,-1,_Unknown,866
895,NL - ANA - ACT - 1 - 1,PREMIUM,1,HIGH,815
896,NL - ANA - ACT - 1 - 2,PC1,2,HIGH,815
897,NL - ANA - ACT - 1 - 3,PC2,3,MEDIUM,815
898,NL - ANA - ACT - 1 - 4,PC3,4,MEDIUM,815
899,NL - ANA - ACT - 1 - 5,PC4,5,LOW,815
900,NL - ANA - ACT - 1 - 6,PC5,6,LOW,815
901,NL - ANA - ACT - 1 - 7,DUMMY,7,DUMMY,815
902,NL - AIC - AUTO - 1 - 1,PREMIUM,1,HIGH,858
903,NL - AIC - AUTO - 1 - 2,PC1,2,MEDIUM,858
904,NL - AIC - AUTO - 1 - 3,PC2,3,LOW,858
905,DE - TDV - PAL - 3 - 6,PK4,6,LOW,872
906,DE - TDV - PAL - 3 - 5,PK3,5,MEDIUM,872
907,DE - TDV - PAL - 3 - 4,PK2,4,MEDIUM,872
908,DE - TDV - PAL - 3 - 3,PK1,3,HIGH,872
909,DE - TDV - PAL - 3 - 2,PREMIUM,2,HIGH,872
910,DE - TDV - PAL - 3 - 1,PREMIUM 1ST ROW,1,HIGH,872
911,DE - NY - TDW - 3 - 1,PREMIUM 1ST ROW,1,HIGH,871
912,DE - NY - TDW - 3 - 2,PREMIUM,2,HIGH,871
913,DE - NY - TDW - 3 - 3,PK1,3,HIGH,871
914,DE - NY - TDW - 3 - 4,PK2,4,MEDIUM,871
915,DE - NY - TDW - 3 - 5,PK3,5,MEDIUM,871
916,DE - NY - TDW - 3 - 6,PK4,6,LOW,871
917,DE - NY - TDW - 3 - 7,PK5,7,LOW,871
918,NL - TINA - BTU - 1 - 1,PREMIUM,1,HIGH,847
919,NL - TINA - BTU - 1 - 2,PC1,2,HIGH,847
920,NL - TINA - BTU - 1 - 3,PC2,3,MEDIUM,847
921,NL - TINA - BTU - 1 - 4,PC3,4,LOW,847
922,NL - TINA - BTU - 1 - 5,DUMMY,5,DUMMY,847
923,NL - TINA - BTU - 1 - 6,SINGLE SEATS,6,SINGLE SEATS,847
924,NL - TLK - ACT - 1 - 8,SINGLE SEATS,8,SINGLE SEATS,132
925,DE - TIN - PAL - 1 - 1,PREMIUM 1ST ROW,1,HIGH,874
926,DE - TIN - PAL - 1 - 2,PREMIUM,2,HIGH,874
927,DE - TIN - PAL - 1 - 3,PK1,3,HIGH,874
928,DE - TIN - PAL - 1 - 4,PK2,4,MEDIUM,874
929,DE - TIN - PAL - 1 - 5,PK3,5,MEDIUM,874
930,DE - TIN - PAL - 1 - 6,PK4,6,LOW,874
931,DE - MM - OPH - 2 - 6,PK4,6,LOW,914
932,DE - MM - OPH - 2 - 5,PK3,5,MEDIUM,914
933,DE - MM - OPH - 2 - 1,PREMIUM 1ST ROW,1,HIGH,914
934,DE - MM - OPH - 2 - 2,PREMIUM,2,HIGH,914
935,DE - MM - OPH - 2 - 3,PK1,3,HIGH,914
936,DE - MM - OPH - 2 - 4,PK2,4,HIGH,914
937,DE - WI - TNF - 1 - 1,PREMIUM 1ST ROW,1,HIGH,915
938,DE - WI - TNF - 1 - 2,PREMIUM,2,HIGH,915
939,DE - WI - TNF - 1 - 3,PK1,3,HIGH,915
940,DE - WI - TNF - 1 - 4,PK2,4,MEDIUM,915
941,DE - WI - TNF - 1 - 5,PK3,5,MEDIUM,915
942,DE - WI - TNF - 1 - 6,PK4,6,LOW,915
943,DE - WI - TNF - 1 - 7,PK5,7,LOW,915
944,FR - LRL - TMO - 1 - 6,SUPER OR,6,HIGH,654
945,FR - LRL - TMO - 2 - 1,CATEGORIE 1,1,HIGH,654
946,FR - LRL - TMO - 2 - 2,CATEGORIE 2,2,MEDIUM,654
947,FR - LRL - TMO - 2 - 3,CATEGORIE 3,3,MEDIUM,654
948,FR - LRL - TMO - 2 - 4,CATEGORIE 4,4,LOW,654
949,FR - LRL - TMO - 2 - 5,CARRE OR,5,HIGH,654
950,DE - EIS - TAE - 1 - 1,PREMIUM 1ST ROW,1,HIGH,917
951,DE - EIS - TAE - 1 - 2,PREMIUM,2,HIGH,917
952,DE - EIS - TAE - 1 - 3,PK1,3,HIGH,917
953,DE - EIS - TAE - 1 - 4,PK2,4,MEDIUM,917
954,DE - EIS - TAE - 1 - 5,PK3,5,MEDIUM,917
955,DE - EIS - TAE - 1 - 6,PK4,6,LOW,917
956,FR - LRL - TMO - 2 - 6,SUPER OR,6,HIGH,918
957,DE - MM - TNF - 1 - 1,PREMIUM 1ST ROW,1,HIGH,923
958,DE - MM - TNF - 1 - 2,PREMIUM,2,HIGH,923
959,DE - MM - TNF - 1 - 3,PK1,3,HIGH,923
960,DE - MM - TNF - 1 - 4,PK2,4,MEDIUM,923
961,DE - MM - TNF - 1 - 5,PK3,5,MEDIUM,923
962,DE - MM - TNF - 1 - 6,PK4,6,LOW,923
963,DE - MM - TNF - 1 - 7,PK5,7,LOW,923
964,DE - MM - TDW - 3 - 1,PREMIUM 1ST ROW,1,HIGH,924
965,DE - MM - TDW - 3 - 2,PREMIUM,2,HIGH,924
966,DE - MM - TDW - 3 - 4,PK2,4,MEDIUM,924
967,DE - MM - TDW - 3 - 5,PK3,5,MEDIUM,924
968,DE - MM - TDW - 3 - 6,PK4,6,LOW,924
969,DE - MM - TDW - 3 - 7,PK5,7,LOW,924
970,DE - MM - TDW - 3 - 3,PK1,3,HIGH,924
971,ES - ERL - LDV - 1 - 17,ANFITEATRO A,17,LOW,155
972,ES - ERL - LDV - 1 - 18,ANFITEATRO B,18,LOW,155
973,ES - ERL - LDV - 1 - 19,ANFITEATRO C,19,LOW,155
974,ES - ERL - LDV - 1 - 20,DELANTERA ANFITEATRO,20,MEDIUM,155
975,ES - ERL - LDV - 1 - 21,ANFITEATRO A VR,21,LOW,155
976,ES - ERL - LDV - 1 - 22,PALCO/PLATEA VR,22,MEDIUM,155
977,DE - MM - TNF - 2 - 1,PREMIUM 1ST ROW,1,HIGH,926
978,DE - MM - TNF - 2 - 2,PREMIUM,2,HIGH,926
979,DE - MM - TNF - 2 - 3,PK1,3,HIGH,926
980,DE - MM - TNF - 2 - 4,PK2,4,MEDIUM,926
981,DE - MM - TNF - 2 - 5,PK3,5,MEDIUM,926
982,DE - MM - TNF - 2 - 6,PK4,6,LOW,926
983,DE - MM - TNF - 2 - 7,PK5,7,LOW,926
984,DE - HA - OPH - 1 - 1,PREMIUM 1ST ROW,1,HIGH,875
985,DE - HA - OPH - 1 - 2,PREMIUM,2,HIGH,875
986,DE - HA - OPH - 1 - 3,PK1,3,HIGH,875
987,DE - HA - OPH - 1 - 4,PK2,4,HIGH,875
988,DE - HA - OPH - 1 - 5,PK3,5,MEDIUM,875
989,DE - HA - OPH - 1 - 6,PK4,6,LOW,875
990,DE - KD - TDW - 1 - 1,PREMIUM 1ST ROW,1,HIGH,940
991,DE - KD - TDW - 1 - 2,PREMIUM,2,HIGH,940
992,DE - KD - TDW - 1 - 3,PK1,3,MEDIUM,940
993,DE - KD - TDW - 1 - 4,PK2,4,MEDIUM,940
994,DE - KD - TDW - 1 - 5,PK3,5,LOW,940
995,DE - KD - TDW - 1 - 6,PK4,6,LOW,940
996,DE - KD - TDW - 1 - 7,PK5,7,LOW,940
997,NL - ALA - ACT - 1 - 2,PC1,2,HIGH,868
998,NL - ALA - ACT - 1 - 1,PREMIUM,1,HIGH,868
999,NL - ALA - ACT - 1 - 3,PC2,3,MEDIUM,868
1000,NL - ALA - ACT - 1 - 4,PC3,4,MEDIUM,868
1001,NL - ALA - ACT - 1 - 5,PC4,5,LOW,868
1002,NL - TSOM21 - ACT - 1 - 1,PREMIUM,1,HIGH,927
1003,NL - TSOM21 - ACT - 1 - 2,PC1,2,MEDIUM,927
1004,NL - TSOM21 - ACT - 1 - 3,PC2,3,LOW,927
1005,ES - TINA - COL - 1 - 1,BUTACA ORO,1,HIGH,869
1006,ES - TINA - COL - 1 - 10,CLUB VP,15,MEDIUM,869
1007,ES - TINA - COL - 1 - 11,PLATEA VR,10,LOW,869
1008,ES - TINA - COL - 1 - 12,CLUB VR,11,LOW,869
1009,ES - TINA - COL - 1 - 13,ANFITEATRO A,12,LOW,869
1010,ES - TINA - COL - 1 - 14,ANFITEATRO A VR,14,LOW,869
1011,ES - TINA - COL - 1 - 15,ANFITEATRO B,13,LOW,869
1012,ES - TINA - COL - 1 - 2,BUTACA PLATA,2,HIGH,869
1013,ES - TINA - COL - 1 - 3,PLATEA PREFERENTE,3,HIGH,869
1014,ES - TINA - COL - 1 - 4,CLUB PREFERENTE,4,HIGH,869
1015,ES - TINA - COL - 1 - 5,PLATEA A,5,MEDIUM,869
1016,ES - TINA - COL - 1 - 6,CLUB A,6,MEDIUM,869
1017,ES - TINA - COL - 1 - 7,PLATEA B,7,MEDIUM,869
1018,ES - TINA - COL - 1 - 8,CLUB B,8,MEDIUM,869
1019,ES - TINA - COL - 1 - 9,PLATEA VP,9,MEDIUM,869
1020,NL - ALA - ACT - 1 - 6,DUMMY,6,DUMMY,868
1021,FR - PRO - TDP - 1 - 1,CAT 1,1,HIGH,964
1022,FR - PRO - TDP - 1 - 2,CAT 2,2,MEDIUM,964
1023,FR - PRO - TDP - 1 - 3,CAT 3,3,MEDIUM,964
1024,FR - PRO - TDP - 1 - 4,CAT 4,4,LOW,964
1025,FR - PRO - TDP - 1 - 5,CARRÉ OR,5,HIGH,964
1026,FR - PRO - TDP - 1 - 6,PMR,6,LOW,964
1027,FR - PRO - TDP - 1 - 7,ACC,7,LOW,964
1028,FR - LRL - TMO - 2 - 7,CATEGORIE ARGENT,7,HIGH,918
1029,FR - LRL - TMO - 2 - 8,CATEGORIE 5,8,LOW,918
1030,FR - LRL - TMO - 2 - 9,VISIBILITE REDUITE,9,LOW,918
1031,DE - TIN - APO - 1 - 1,PREMIUM 1ST ROW,1,HIGH,966
1032,DE - TIN - APO - 1 - 2,PREMIUM,2,HIGH,966
1033,DE - TIN - APO - 1 - 3,PK1,3,HIGH,966
1034,DE - TIN - APO - 1 - 4,PK2,4,MEDIUM,966
1035,DE - TIN - APO - 1 - 5,PK3,5,MEDIUM,966
1036,DE - TIN - APO - 1 - 6,PK4,6,LOW,966
